national_team,official_squad_player_name,date_of_birth,official_club,candidate_transfermarkt_player_id,transfermarkt_name,match_evidence,review_status,reviewer,reviewed_at,notes
Mexico,RANGEL Raul,,CD Guadalajara (MEX),,,name_only_rejected,pending,,,
Mexico,SANCHEZ Jorge,,PAOK Saloniki (GRE),,,name_only_rejected,pending,,,
Mexico,MONTES Cesar,,FC Lokomotiv Moscow (RUS),,,name_only_rejected,pending,,,
Mexico,ALVAREZ Edson,,Fenerbahçe SK (TUR),,,name_only_rejected,pending,,,
Mexico,VASQUEZ Johan,,Genoa CFC (ITA),,,name_only_rejected,pending,,,
Mexico,LIRA Erik,,CF Cruz Azul (MEX),,,name_only_rejected,pending,,,
Mexico,ROMO Luis,,CD Guadalajara (MEX),,,name_only_rejected,pending,,,
Mexico,FIDALGO Alvaro,,Real Betis (ESP),,,name_only_rejected,pending,,,
Mexico,JIMENEZ Raul,,Fulham FC (ENG),,,name_only_rejected,pending,,,
Mexico,VEGA Alexis,,Deportivo Toluca FC (MEX),,,name_only_rejected,pending,,,
Mexico,GIMENEZ Santiago,,AC Milan (ITA),,,name_only_rejected,pending,,,
Mexico,ACEVEDO Carlos,,Club Santos Laguna (MEX),,,name_only_rejected,pending,,,
Mexico,OCHOA Guillermo,,AEL Limassol (CYP),,,name_only_rejected,pending,,,
Mexico,GONZALEZ Armando,,CD Guadalajara (MEX),,,name_only_rejected,pending,,,
Mexico,REYES Israel,,Club América (MEX),,,name_only_rejected,pending,,,
Mexico,QUINONES Julian,,Al Qadsiah FC (KSA),,,name_only_rejected,pending,,,
Mexico,PINEDA Orbelin,,AEK Athens (GRE),,,name_only_rejected,pending,,,
Mexico,VARGAS Obed,,Atlético De Madrid (ESP),,,name_only_rejected,pending,,,
Mexico,MORA Gilberto,,Club Tijuana (MEX),,,name_only_rejected,pending,,,
Mexico,CHAVEZ Mateo,,AZ Alkmaar (NED),,,name_only_rejected,pending,,,
Mexico,HUERTA Cesar,,RSC Anderlecht (BEL),,,name_only_rejected,pending,,,
Mexico,MARTINEZ Guillermo,,Pumas UNAM (MEX),,,name_only_rejected,pending,,,
Mexico,GALLARDO Jesus,,Deportivo Toluca FC (MEX),,,name_only_rejected,pending,,,
Mexico,CHAVEZ Luis,,FC Dynamo Moscow (RUS),,,name_only_rejected,pending,,,
Mexico,ALVARADO Roberto,,CD Guadalajara (MEX),,,name_only_rejected,pending,,,
Mexico,GUTIERREZ Brian,,CD Guadalajara (MEX),,,name_only_rejected,pending,,,
South Africa,ZWANE Themba,1989-08-03,Mamelodi Sundowns FC (RSA),,,name_date_of_birth,pending,,,
South Africa,MASEKO Thapelo,2003-11-11,AEL Limassol (CYP),,,name_date_of_birth,pending,,,
South Africa,SITHOLE Sphephelo,1999-03-03,CD Tondela (POR),,,name_date_of_birth,pending,,,
South Africa,OKON Ime,2004-02-20,Hannover 96 (GER),,,name_date_of_birth,pending,,,
South Africa,CROSS Bradley,2001-01-30,Kaizer Chiefs FC (RSA),,,name_date_of_birth,pending,,,
South Korea,KIM Seunggyu,1990-09-30,FC Tokyo (JPN),,,name_date_of_birth,pending,,,
South Korea,LEE Hanbeom,2002-06-17,FC Midtjylland (DEN),,,name_date_of_birth,pending,,,
South Korea,LEE Gihyuk,2000-07-07,Gangwon FC (KOR),,,name_date_of_birth,pending,,,
South Korea,KIM Minjae,1996-11-15,FC Bayern München (GER),,,name_date_of_birth,pending,,,
South Korea,KIM Taehyeon,2000-09-17,Kashima Antlers (JPN),,,name_date_of_birth,pending,,,
South Korea,HWANG Inbeom,1996-09-20,Feyenoord Rotterdam (NED),,,name_date_of_birth,pending,,,
South Korea,SON Heungmin,1992-07-08,LAFC (USA),,,name_date_of_birth,pending,,,
South Korea,PAIK Seungho,1997-03-17,Birmingham City FC (ENG),,,name_date_of_birth,pending,,,
South Korea,CHO Guesung,1998-01-25,FC Midtjylland (DEN),,,name_date_of_birth,pending,,,
South Korea,LEE Jaesung,1992-08-10,1. FSV Mainz 05 (GER),,,name_date_of_birth,pending,,,
South Korea,HWANG Heechan,1996-01-26,Wolverhampton Wanderers FC (ENG),,,name_date_of_birth,pending,,,
South Korea,SONG Bumkeun,1997-10-15,Jeonbuk Hyundai Motors FC (KOR),,,name_date_of_birth,pending,,,
South Korea,LEE Taeseok,2002-07-28,FK Austria Wien (AUT),,,name_date_of_birth,pending,,,
South Korea,CHO Wije,2001-08-25,Jeonbuk Hyundai Motors FC (KOR),,,name_date_of_birth,pending,,,
South Korea,KIM Moonhwan,1995-08-01,Daejeon Hana Citizen FC (KOR),,,name_date_of_birth,pending,,,
South Korea,PARK Jinseob,1995-10-23,Zhejiang FC (CHN),,,name_date_of_birth,pending,,,
South Korea,BAE Junho,2003-08-21,Stoke City FC (ENG),,,name_date_of_birth,pending,,,
South Korea,OH Hyeongyu,2001-04-12,Beşiktaş JK (TUR),,,name_date_of_birth,pending,,,
South Korea,LEE Kangin,2001-02-19,Paris Saint-Germain (FRA),,,name_date_of_birth,pending,,,
South Korea,YANG Hyunjun,2002-05-25,Celtic FC (SCO),,,name_date_of_birth,pending,,,
South Korea,JO Hyeonwoo,1991-09-25,Ulsan HD (KOR),,,name_date_of_birth,pending,,,
South Korea,SEOL Youngwoo,1998-12-05,FK Crvena Zvezda (SRB),,,name_date_of_birth,pending,,,
South Korea,KIM Jingyu,1997-02-24,Jeonbuk Hyundai Motors FC (KOR),,,name_date_of_birth,pending,,,
South Korea,EOM Jisung,2002-05-09,Swansea City AFC (WAL),,,name_date_of_birth,pending,,,
South Korea,LEE Donggyeong,1997-09-20,Ulsan HD (KOR),,,name_date_of_birth,pending,,,
Bosnia and Herzegovina,JURKAS Mladen,2007-10-07,,,,name_date_of_birth,pending,,,
Canada,JONES Ale,1997-10-07,Middlesbrough FC (ENG),,,name_date_of_birth,pending,,,
Canada,AHMED Ali,2000-10-10,Norwich City FC (ENG),,,name_date_of_birth,pending,,,
Canada,SALIBA Nathan,2004-02-07,RSC Anderlecht (BEL),,,name_date_of_birth,pending,,,
Qatar,ABDULAZIZ HATEM,1990-01-01,,,,name_date_of_birth,pending,,,
Qatar,HASSAN ALHAYDOS,1990-12-11,,,,name_date_of_birth,pending,,,
Qatar,AYOUB ALOUI,2005-03-11,,,,name_date_of_birth,pending,,,
Qatar,HOMAM AHMED,1999-08-25,,,,name_date_of_birth,pending,,,
Qatar,AHMED ALGANEHI,2000-09-22,,,,name_date_of_birth,pending,,,
Qatar,SULTAN ALBRAKE,1996-04-07,,,,name_date_of_birth,pending,,,
Qatar,AHMED FATHY,1993-01-25,,,,name_date_of_birth,pending,,,
Qatar,TAHSIN MOHAMMED,2006-06-16,,,,name_date_of_birth,pending,,,
Qatar,ALHASHMI ALHUSSEIN,2003-08-15,,,,name_date_of_birth,pending,,,
Qatar,MOHAMED MANAI,2002-10-25,,,,name_date_of_birth,pending,,,
Switzerland,COEMERT Eray,1998-02-04,Valencia CF (ESP),,,name_date_of_birth,pending,,,
Brazil,EDERSON SILVA,1999-07-07,Atalanta Bergamo (ITA),,,name_date_of_birth,pending,,,
Brazil,GABRIEL MAGALHAES,1997-12-19,Arsenal FC (ENG),,,name_date_of_birth,pending,,,
Brazil,NEYMAR JR,1992-02-05,Santos FC (BRA),,,name_date_of_birth,pending,,,
Brazil,DANILO SANTOS,2001-04-29,Botafogo (BRA),,,name_date_of_birth,pending,,,
Haiti,THERMONCY Keeto,2006-03-29,BSC Young Boys (SUI),,,name_date_of_birth,pending,,,
Haiti,ADE Ricardo,1990-05-21,LDU Quito (ECU),,,name_date_of_birth,pending,,,
Haiti,SAINTE Carl,2002-08-09,El Paso Locomotive FC (USA),,,name_date_of_birth,pending,,,
Haiti,ETIENNE Derrick,1996-11-25,Toronto FC (CAN),,,name_date_of_birth,pending,,,
Haiti,EXPERIENCE Martin,1999-03-09,AS Nancy (FRA),,,name_date_of_birth,pending,,,
Haiti,LACROIX Markhus,1993-10-14,Colorado Springs Switchbacks FC (USA),,,name_date_of_birth,pending,,,
Haiti,METUSALA Garven,1999-12-31,Colorado Springs Switchbacks FC (USA),,,name_date_of_birth,pending,,,
Haiti,DUVERGER Josue,2000-04-27,FC Cosmos Koblenz (GER),,,name_date_of_birth,pending,,,
Haiti,PIERRE Woodensky,2004-12-30,Violette AC (HAI),,,name_date_of_birth,pending,,,
Morocco,RAHIMI Souane,1996-06-02,Al Ain FC (UAE),,,name_date_of_birth,pending,,,
Morocco,AMAIMOUNI Ayoube,2004-11-30,Eintracht Frankfurt (GER),,,name_date_of_birth,pending,,,
Morocco,TAGNAOUTI Ahmed Reda,1996-04-05,ASFAR (MAR),,,name_date_of_birth,pending,,,
Scotland,ROBERTSON Andy,1994-03-11,Liverpool FC (ENG),,,name_date_of_birth,pending,,,
Scotland,FLETCHER Tyler,2007-03-19,Manchester United FC (ENG),,,name_date_of_birth,pending,,,
Scotland,HYAM Dominic,1995-12-20,Wrexham AFC (WAL),,,name_date_of_birth,pending,,,
Australia,ONEILL Aiden,1998-07-04,New York City FC (USA),,,name_date_of_birth,pending,,,
Australia,DEVLIN Cameron,1998-06-07,Heart Of Midlothian FC (SCO),,,name_date_of_birth,pending,,,
Paraguay,FERNANDEZ Gatito,1988-03-29,Cerro Porteño (PAR),,,name_date_of_birth,pending,,,
Paraguay,VELAZQUEZ Gustavo,1991-04-17,Cerro Porteño (PAR),,,name_date_of_birth,pending,,,
Paraguay,CUBAS Andres,1996-05-11,Vancouver Whitecaps FC (CAN),,,name_only_rejected,pending,,,
Paraguay,ROMERO GAMARRA Alejandro,1995-01-11,Al Ain FC (UAE),,,name_date_of_birth,pending,,,
Paraguay,AVALOS Gabriel,1991-07-09,CA Independiente (ARG),,,name_only_rejected,pending,,,
Paraguay,OLVEIRA Gaston,1993-04-21,Club Olimpia (PAR),,,name_date_of_birth,pending,,,
Turkey,YILDIZ Kenan,2005-05-04,,,,name_date_of_birth,pending,,,
Turkey,BAYINDIR Altay,1998-04-14,,,,name_date_of_birth,pending,,,
Turkey,ELMALI Eren,2000-07-07,,,,name_date_of_birth,pending,,,
Turkey,BARDAKCI Abdulkerim,1994-09-07,,,,name_date_of_birth,pending,,,
Turkey,KADIOGLU Ferdi,1999-10-07,,,,name_date_of_birth,pending,,,
Turkey,YILMAZ Baris Alper,2000-05-23,,,,name_date_of_birth,pending,,,
Turkey,CAKIR Ugurcan,1996-04-05,,,,name_date_of_birth,pending,,,
Turkey,AYDIN Oguz,2000-10-27,,,,name_date_of_birth,pending,,,
Curaçao,LOCADIA Juergen,1993-11-07,Miami FC (USA),,,name_date_of_birth,pending,,,
Curaçao,MARTHA Arjany,2003-09-04,Rotherham United FC (ENG),,,name_date_of_birth,pending,,,
Curaçao,MARGARITHA Jearl,2000-04-10,SK Beveren (BEL),,,name_date_of_birth,pending,,,
Ecuador,VALLE Gonzalo,1996-02-28,LDU Quito (ECU),,,name_date_of_birth,pending,,,
Germany,RUEDIGER Antonio,1993-03-03,,,,name_date_of_birth,pending,,,
Germany,NUEBEL Alexander,1996-09-30,,,,name_date_of_birth,pending,,,
Japan,ITAKURA Kou,1997-01-27,AFC Ajax (NED),,,name_date_of_birth,pending,,,
Tunisia,CHAMAKH Mouhib,2001-08-25,Club Africain (TUN),,,name_date_of_birth,pending,,,
Tunisia,AROUS Adam,2004-07-17,Kasımpaşa SK (TUR),,,name_date_of_birth,pending,,,
Tunisia,MEJBRI Hannibal,2003-01-21,Burnley FC (ENG),,,name_date_of_birth,pending,,,
Tunisia,AYARI Khalil,2005-02-02,Paris Saint-Germain (FRA),,,name_date_of_birth,pending,,,
Tunisia,HADJ MAHMOUD Mohamed,2000-04-24,FC Lugano (SUI),,,name_date_of_birth,pending,,,
Tunisia,CHAOUAT Firas,1996-05-08,Club Africain (TUN),,,name_date_of_birth,pending,,,
Tunisia,BEN HMIDA Mohamed Amine,1995-12-15,Espérance De Tunisie (TUN),,,name_date_of_birth,pending,,,
Tunisia,CHIKHAOUI Raed,2004-06-09,US Monastir (TUN),,,name_date_of_birth,pending,,,
Egypt,MOHAMED ELSHENAWY,1988-12-18,Al Ahly FC (EGY),,,name_date_of_birth,pending,,,
Egypt,MOHAMED HANY,1996-02-02,Al Ahly FC (EGY),,,name_only_rejected,pending,,,
Egypt,MOHAMED ABDELMONEIM,1999-02-01,OGC Nice (FRA),,,name_date_of_birth,pending,,,
Egypt,HAMZA ABDELKARIM,2008-01-01,FC Barcelona (ESP),,,name_date_of_birth,pending,,,
Egypt,MOSTAFA ZICO,1997-04-27,Pyramids FC (EGY),,,name_date_of_birth,pending,,,
Egypt,MAHDY SOLIMAN,1987-06-08,Zamalek SC (EGY),,,name_date_of_birth,pending,,,
Egypt,MOHANAD LASHIN,1996-05-29,Pyramids FC (EGY),,,name_date_of_birth,pending,,,
Egypt,NABIL DONGA,1996-04-06,Al Najmah SC (KSA),,,name_date_of_birth,pending,,,
Egypt,MARAWAN ATTIA,1998-08-01,Al Ahly FC (EGY),,,name_date_of_birth,pending,,,
Egypt,MOSTAFA SHOUBIR,2000-05-15,Al Ahly FC (EGY),,,name_date_of_birth,pending,,,
Egypt,TAREK ALAA,2002-01-05,ZED FC (EGY),,,name_date_of_birth,pending,,,
Egypt,MOHAMED ALAA,1999-01-01,El Gouna FC (EGY),,,name_date_of_birth,pending,,,
Iran,BEIRANVAND Alireza,,Tractor Sazi Tabriz FC (IRN),,,name_only_rejected,pending,,,
Iran,HARDANI Saleh,,Esteghlal Tehran FC (IRN),,,name_nationality_club,pending,,,
Iran,HAJISAFI Ehsan,,Sepahan SC (IRN),,,name_nationality_club,pending,,,
Iran,KHALILZADEH Shoja,,Tractor Sazi Tabriz FC (IRN),,,name_nationality_club,pending,,,
Iran,MOHAMMADI Milad,,Persepolis FC (IRN),,,name_only_rejected,pending,,,
Iran,EZATOLAHI Saeid,,Shabab Al Ahli Club (UAE),,,name_only_rejected,pending,,,
Iran,JAHANBAKHSH Alireza,,FCV Dender EH (BEL),,,name_only_rejected,pending,,,
Iran,MOHEBBI Mohammad,,FC Rostov (RUS),,,name_nationality_club,pending,,,
Iran,TAREMI Mehdi,,Olympiacos FC (GRE),,,name_only_rejected,pending,,,
Iran,GHAYEDI Mehdi,,Al Nasr SC (UAE),,,name_only_rejected,pending,,,
Iran,ALIPOUR Ali,,Persepolis FC (IRN),,,name_only_rejected,pending,,,
Iran,NIAZMAND Payam,,Persepolis FC (IRN),,,name_only_rejected,pending,,,
Iran,KANANI Hossein,,Persepolis FC (IRN),,,name_nationality_club,pending,,,
Iran,GHODDOS Saman,,Al Ittihad Kalba SCC (UAE),,,name_only_rejected,pending,,,
Iran,CHESHMI Roozbeh,,Esteghlal Tehran FC (IRN),,,name_nationality_club,pending,,,
Iran,TORABI Mehdi,,Tractor Sazi Tabriz FC (IRN),,,name_nationality_club,pending,,,
Iran,YOUSEFI Arya,,Sepahan SC (IRN),,,name_nationality_club,pending,,,
Iran,HOSSEINZADEH Amirhossein,,Tractor Sazi Tabriz FC (IRN),,,name_only_rejected,pending,,,
Iran,NEMATI Ali,,Foolad Khuzestan FC (IRN),,,name_nationality_club,pending,,,
Iran,MOGHANLOO Shahriyar,,Al Ittihad Kalba SCC (UAE),,,name_nationality_club,pending,,,
Iran,GHORBANI Mohammad,,Al Wahda SC (UAE),,,name_only_rejected,pending,,,
Iran,HOSSEINI Hossein,,Sepahan SC (IRN),,,name_nationality_club,pending,,,
Iran,REZAEIAN Ramin,,Foolad Khuzestan FC (IRN),,,name_only_rejected,pending,,,
Iran,DARGAHI Dennis,,Standard Liège (BEL),,,name_nationality_club,pending,,,
Iran,IRI Danial,,Malavan Anzali FC (IRN),,,name_nationality_club,pending,,,
Iran,RAZAGHINIA Amirmohammad,,Esteghlal Tehran FC (IRN),,,name_nationality_club,pending,,,
Cape Verde,VOZINHA,1986-06-03,GD Chaves (POR),,,name_date_of_birth,pending,,,
Cape Verde,STOPIRA,1988-05-20,SCU Torreense (POR),,,name_date_of_birth,pending,,,
Cape Verde,PICO LOPES,1992-06-17,Shamrock Rovers FC (IRL),,,name_date_of_birth,pending,,,
Cape Verde,KEVIN PINA,1997-01-27,FC Krasnodar (RUS),,,name_date_of_birth,pending,,,
Cape Verde,GILSON BENCHIMOL,2001-12-29,FC Akron Tolyatti (RUS),,,name_date_of_birth,pending,,,
Cape Verde,MARCIO ROSA,1997-02-23,PFC Montana (BUL),,,name_date_of_birth,pending,,,
Cape Verde,YANNICK SEMEDO,1995-12-29,SC Farense (POR),,,name_date_of_birth,pending,,,
Cape Verde,KELVIN PIRES,2000-06-05,SJK (FIN),,,name_date_of_birth,pending,,,
Saudi Arabia,NAWAF ALAQIDI,2000-05-10,Al Nassr FC (KSA),,,name_date_of_birth,pending,,,
Saudi Arabia,ALI MAJRASHI,1999-10-02,Al Ahli FC (KSA),,,name_only_rejected,pending,,,
Saudi Arabia,ABDULELAH ALAMRI,1997-01-15,Al Nassr FC (KSA),,,name_date_of_birth,pending,,,
Saudi Arabia,HASSAN ALTAMBAKTI,1999-02-09,Al Hilal SC (KSA),,,name_date_of_birth,pending,,,
Saudi Arabia,NASSER ALDAWSARI,1998-12-19,Al Hilal SC (KSA),,,name_date_of_birth,pending,,,
Saudi Arabia,MUSAB ALJUWAYR,2003-06-20,Al Qadsiah FC (KSA),,,name_date_of_birth,pending,,,
Saudi Arabia,AIMAN YAHYA,2001-05-14,Al Nassr FC (KSA),,,name_date_of_birth,pending,,,
Saudi Arabia,FERAS ALBRIKAN,2000-05-14,Al Ahli FC (KSA),,,name_date_of_birth,pending,,,
Saudi Arabia,SALEM ALDAWSARI,1991-08-19,Al Hilal SC (KSA),,,name_date_of_birth,pending,,,
Saudi Arabia,SALEH ALSHEHRI,1993-11-01,Al Ittihad (KSA),,,name_date_of_birth,pending,,,
Saudi Arabia,NAWAF BU WASHL,1999-09-16,Al Nassr FC (KSA),,,name_date_of_birth,pending,,,
Saudi Arabia,HASSAN KADISH,1992-09-26,Al Ittihad (KSA),,,name_date_of_birth,pending,,,
Saudi Arabia,ABDULLAH ALKHAIBARI,1996-08-16,Al Nassr FC (KSA),,,name_date_of_birth,pending,,,
Saudi Arabia,ZIYAD ALJOHANI,2001-11-11,Al Ahli FC (KSA),,,name_date_of_birth,pending,,,
Saudi Arabia,KHALID ALGHANNAM,2000-11-08,Al Ettifaq FC (KSA),,,name_date_of_birth,pending,,,
Saudi Arabia,ALA ALHAJJI,1995-12-03,Neom SC (KSA),,,name_date_of_birth,pending,,,
Saudi Arabia,ABDULLAH ALHAMDDAN,1999-09-13,Al Nassr FC (KSA),,,name_date_of_birth,pending,,,
Saudi Arabia,MOHAMMED ALOWAIS,1991-10-10,Al Ula Saudi FC (KSA),,,name_date_of_birth,pending,,,
Saudi Arabia,AHMED ALKASSAR,1991-05-08,Al Qadsiah FC (KSA),,,name_date_of_birth,pending,,,
Saudi Arabia,MOTEB ALHARBI,2000-02-20,Al Hilal SC (KSA),,,name_date_of_birth,pending,,,
Saudi Arabia,JEHAD THIKRI,2001-07-21,Al Qadsiah FC (KSA),,,name_date_of_birth,pending,,,
Saudi Arabia,MOHAMMED ABU ALSHAMAT,2002-08-11,Al Qadsiah FC (KSA),,,name_date_of_birth,pending,,,
Spain,GRIMALDO Alex,1995-09-20,,,,name_date_of_birth,pending,,,
France,KANTE Ngolo,1991-03-29,Fenerbahçe SK (TUR),,,name_date_of_birth,pending,,,
Iraq,AKAM HASHIM,1998-08-16,Al Zawra'a SC (IRQ),,,name_date_of_birth,pending,,,
Iraq,MUNAF YOUNUS,1996-11-16,Al Shorta SC (IRQ),,,name_date_of_birth,pending,,,
Iraq,IBRAHIM BAYESH,2000-05-01,Al Dhafra SCC (UAE),,,name_only_rejected,pending,,,
Iraq,ALI ALHAMADI,2002-03-01,Luton Town FC (ENG),,,name_date_of_birth,pending,,,
Iraq,AHMED MAKNAZI,2001-09-24,Al Karma SC (IRQ),,,name_date_of_birth,pending,,,
Iraq,AMIR ALAMMARI,1997-07-27,KS Cracovia (POL),,,name_date_of_birth,pending,,,
Iraq,AHMED BASIL,1996-08-19,Al Shorta SC (IRQ),,,name_date_of_birth,pending,,,
Iraq,ZAID ISMAEL,2002-01-03,Al Talaba SC (IRQ),,,name_date_of_birth,pending,,,
Iraq,FRANS PUTROS,1993-07-14,Persib Bandung (IDN),,,name_date_of_birth,pending,,,
Norway,NYLAND Orjan,1990-09-10,Sevilla FC (ESP),,,name_date_of_birth,pending,,,
Norway,OSTIGARD Leo,1999-11-28,Genoa CFC (ITA),,,name_date_of_birth,pending,,,
Norway,MOLLER WOLFE David,2002-04-23,Wolverhampton Wanderers FC (ENG),,,name_date_of_birth,pending,,,
Norway,SORLOTH Alexander,1995-12-05,Atlético De Madrid (ESP),,,name_date_of_birth,pending,,,
Norway,ODEGAARD Martin,1998-12-17,Arsenal FC (ENG),,,name_date_of_birth,pending,,,
Norway,STRAND LARSEN Jorgen,2000-02-06,Crystal Palace FC (ENG),,,name_date_of_birth,pending,,,
Norway,BJORKAN Fredrik Andre,1998-08-21,FK Bodø/Glimt (NOR),,,name_date_of_birth,pending,,,
Norway,HOLMGREN PEDERSEN Marcus,2000-07-16,Torino FC (ITA),,,name_date_of_birth,pending,,,
Norway,HEGGEM Torbjorn,1999-01-12,Bologna FC (ITA),,,name_date_of_birth,pending,,,
Senegal,GUEYE Idrissa Gana,1989-09-26,Everton FC (ENG),,,name_date_of_birth,pending,,,
Senegal,DIOUF El Hadji Malick,2004-12-29,West Ham United FC (ENG),,,name_only_rejected,pending,,,
Algeria,MASTIL Melvin,2000-02-19,FC Stade Nyonnais (SUI),,,name_date_of_birth,pending,,,
Algeria,BENBOT Oussama,1994-10-11,USM Alger (ALG),,,name_date_of_birth,pending,,,
Algeria,BELGHALI Rak,2002-06-07,Hellas Verona FC (ITA),,,name_date_of_birth,pending,,,
Austria,MWENE Phillip,1994-01-29,1. FSV Mainz 05 (GER),,,name_date_of_birth,pending,,,
Austria,SCHOEPF Alessandro,1994-02-07,Wolfsberger AC (AUT),,,name_date_of_birth,pending,,,
Jordan,YAZEED ABULAILA,,Al Hussein SC (JOR),,,name_only_rejected,pending,,,
Jordan,MOHAMMAD ABUHASHEESH,,Al Karma SC (IRQ),,,name_nationality_club,pending,,,
Jordan,ABDALLAH NASIB,,Al Zawra'a SC (IRQ),,,name_only_rejected,pending,,,
Jordan,HUSAM ABUDAHAB,,Al Faisaly SC (JOR),,,name_nationality_club,pending,,,
Jordan,YAZAN ALARAB,,FC Seoul (KOR),,,name_nationality_club,pending,,,
Jordan,AMER JAMOUS,,Al Zawra'a SC (IRQ),,,name_only_rejected,pending,,,
Jordan,MOHAMMAD ABUZRAIQ,,Raja Casablanca (MAR),,,name_nationality_club,pending,,,
Jordan,NOOR ALRAWABDEH,,Selangor FC (MAS),,,name_nationality_club,pending,,,
Jordan,ALI OLWAN,,Al Sailiya SC (QAT),,,name_only_rejected,pending,,,
Jordan,MOUSA ALTAMARI,,Stade Rennais FC (FRA),,,name_nationality_club,pending,,,
Jordan,ODEH FAKHOURY,,Pyramids FC (EGY),,,name_only_rejected,pending,,,
Jordan,NOUR BANIATEYAH,,Al Faisaly SC (JOR),,,name_nationality_club,pending,,,
Jordan,MAHMOUD ALMARDI,,Al Hussein SC (JOR),,,name_nationality_club,pending,,,
Jordan,RAJAEI AYED,,Al Hussein SC (JOR),,,name_only_rejected,pending,,,
Jordan,IBRAHIM SADEH,,Al Karma SC (IRQ),,,name_nationality_club,pending,,,
Jordan,MOHAMMAD ABUALNADI,,Selangor FC (MAS),,,name_only_rejected,pending,,,
Jordan,SALEEM OBAID,,Al Hussein SC (JOR),,,name_only_rejected,pending,,,
Jordan,MOHAMMAD ABUGHOUSH,,Al Hussein SC (JOR),,,name_nationality_club,pending,,,
Jordan,SAED ALROSAN,,Al Hussein SC (JOR),,,name_nationality_club,pending,,,
Jordan,MOHANNAD ABUTAHA,,Al-Quwa Al-Jawiya (IRQ),,,name_nationality_club,pending,,,
Jordan,NIZAR ALRASHDAN,,Qatar SC (QAT),,,name_nationality_club,pending,,,
Jordan,ABDALLAH ALFAKHORI,,Al Wahdat SC (JOR),,,name_nationality_club,pending,,,
Jordan,EHSAN HADDAD,,Al Hussein SC (JOR),,,name_only_rejected,pending,,,
Jordan,ALI AZAIZEH,,Al Shabab FC (KSA),,,name_only_rejected,pending,,,
Jordan,MOHAMMAD ALDAOUD,,Al Wahdat SC (JOR),,,name_nationality_club,pending,,,
Jordan,ANAS BADAWI,,Al Faisaly SC (JOR),,,name_nationality_club,pending,,,
Colombia,QUINTERO Juan,1993-01-18,CA River Plate (ARG),,,name_only_rejected,pending,,,
DR Congo,MPASI Lionel,1994-08-01,Le Havre AC (FRA),,,name_date_of_birth,pending,,,
DR Congo,MUKAU Ngalayel,2004-11-03,Lille OSC (FRA),,,name_date_of_birth,pending,,,
DR Congo,CIPENGA Brian,1998-03-11,CD Castellón (ESP),,,name_date_of_birth,pending,,,
DR Congo,MAYELE Fiston,1994-06-24,Pyramids FC (EGY),,,name_date_of_birth,pending,,,
Portugal,DIOGO COSTA,,FC Porto (POR),,,name_only_rejected,pending,,,
Portugal,NELSON SEMEDO,,Fenerbahçe SK (TUR),,,name_only_rejected,pending,,,
Portugal,RUBEN DIAS,,Manchester City FC (ENG),,,name_only_rejected,pending,,,
Portugal,TOMAS ARAUJO,,SL Benca (POR),,,name_only_rejected,pending,,,
Portugal,DIOGO DALOT,,Manchester United FC (ENG),,,name_only_rejected,pending,,,
Portugal,MATHEUS NUNES,,Manchester City FC (ENG),,,name_only_rejected,pending,,,
Portugal,CRISTIANO RONALDO,,Al Nassr FC (KSA),,,name_only_rejected,pending,,,
Portugal,BRUNO FERNANDES,,Manchester United FC (ENG),,,name_only_rejected,pending,,,
Portugal,GONCALO RAMOS,,Paris Saint-Germain (FRA),,,name_only_rejected,pending,,,
Portugal,BERNARDO SILVA,,Manchester City FC (ENG),,,name_only_rejected,pending,,,
Portugal,JOAO FELIX,,Al Nassr FC (KSA),,,name_only_rejected,pending,,,
Portugal,JOSE SA,,Wolverhampton Wanderers FC (ENG),,,name_only_rejected,pending,,,
Portugal,RENATO VEIGA,,Villarreal CF (ESP),,,name_only_rejected,pending,,,
Portugal,GONCALO INACIO,,Sporting CP (POR),,,name_only_rejected,pending,,,
Portugal,JOAO NEVES,,Paris Saint-Germain (FRA),,,name_only_rejected,pending,,,
Portugal,FRANCISCO TRINCAO,,Sporting CP (POR),,,name_only_rejected,pending,,,
Portugal,RAFAEL LEAO,,AC Milan (ITA),,,name_only_rejected,pending,,,
Portugal,PEDRO NETO,,Chelsea FC (ENG),,,name_only_rejected,pending,,,
Portugal,GONCALO GUEDES,,Real Sociedad (ESP),,,name_only_rejected,pending,,,
Portugal,JOAO CANCELO,,FC Barcelona (ESP),,,name_only_rejected,pending,,,
Portugal,RUBEN NEVES,,Al Hilal SC (KSA),,,name_only_rejected,pending,,,
Portugal,RUI SILVA,,Sporting CP (POR),,,name_only_rejected,pending,,,
Portugal,VITINHA,,Paris Saint-Germain (FRA),,,name_only_rejected,pending,,,
Portugal,SAMU COSTA,,RCD Mallorca (ESP),,,name_only_rejected,pending,,,
Portugal,NUNO MENDES,,Paris Saint-Germain (FRA),,,name_only_rejected,pending,,,
Portugal,FRANCISCO CONCEICAO,,Juventus FC (ITA),,,name_only_rejected,pending,,,
Uzbekistan,ALIJONOV Khojiakbar,1997-04-19,,,,name_date_of_birth,pending,,,
Uzbekistan,XAMROBEKOV Odiljon,1996-02-13,,,,name_date_of_birth,pending,,,
Uzbekistan,NEMATOV Abduvohid,2001-03-20,,,,name_date_of_birth,pending,,,
Uzbekistan,GANIEV Azizjon,1998-02-22,,,,name_date_of_birth,pending,,,
Uzbekistan,AMONOV Azizbek,1997-10-30,,,,name_date_of_birth,pending,,,
Uzbekistan,KARIMOV Behruzjon,2007-08-07,,,,name_date_of_birth,pending,,,
Uzbekistan,ULMASALIYEV Avazbek,2000-03-27,,,,name_date_of_birth,pending,,,
England,OREILLY Nico,2005-03-21,Manchester City FC (ENG),,,name_date_of_birth,pending,,,
Ghana,ZIGI Lawrence Ati,,FC St. Gallen (SUI),,,name_only_rejected,pending,,,
Ghana,SEIDU Alidu,,Stade Rennais FC (FRA),,,name_only_rejected,pending,,,
Ghana,YIRENKYI Caleb,,FC Nordsjælland (DEN),,,name_only_rejected,pending,,,
Ghana,ADJETEY Jonas,,VfL Wolfsburg (GER),,,name_only_rejected,pending,,,
Ghana,PARTEY Thomas,,Villarreal CF (ESP),,,name_only_rejected,pending,,,
Ghana,MUMIN Abdul,,Rayo Vallecano (ESP),,,name_only_rejected,pending,,,
Ghana,FATAWU Abdul,,Leicester City FC (ENG),,,name_only_rejected,pending,,,
Ghana,SIBO Kwasi,,Real Oviedo (ESP),,,name_only_rejected,pending,,,
Ghana,AYEW Jordan,,Leicester City FC (ENG),,,name_only_rejected,pending,,,
Ghana,THOMAS-ASANTE Brandon,,Coventry City FC (ENG),,,name_nationality_club,pending,,,
Ghana,SEMENYO Antoine,,Manchester City FC (ENG),,,name_only_rejected,pending,,,
Ghana,ANANG Joseph,,St Patrick's Athletic FC (IRL),,,name_only_rejected,pending,,,
Ghana,BAAH Christopher Bonsu,,Al Qadsiah FC (KSA),,,name_only_rejected,pending,,,
Ghana,MENSAH Gideon,,AJ Auxerre (FRA),,,name_only_rejected,pending,,,
Ghana,OWUSU Elisha,,AJ Auxerre (FRA),,,name_only_rejected,pending,,,
Ghana,ASARE Benjamin,,Hearts Of Oak SC (GHA),,,name_nationality_club,pending,,,
Ghana,RAHMAN Baba,,PAOK Saloniki (GRE),,,name_nationality_club,pending,,,
Ghana,OPOKU Jerome,,Başakşehir FK (TUR),,,name_only_rejected,pending,,,
Ghana,WILLIAMS Inaki,,Athletic Club (ESP),,,name_only_rejected,pending,,,
Ghana,BOAKYE Augustine,,AS Saint-Etienne (FRA),,,name_only_rejected,pending,,,
Ghana,OPPONG Kojo Peprah,,OGC Nice (FRA),,,name_only_rejected,pending,,,
Ghana,SULEMANA Kamaldeen,,Atalanta Bergamo (ITA),,,name_only_rejected,pending,,,
Ghana,LUCKASSEN Derrick,,Pafos FC (CYP),,,name_only_rejected,pending,,,
Ghana,NUAMAH Ernest,,Olympique Lyonnais (FRA),,,name_only_rejected,pending,,,
Ghana,ADU Prince,,FC Viktoria Plzeň (CZE),,,name_only_rejected,pending,,,
Ghana,SENAYA Marvin,,AJ Auxerre (FRA),,,name_only_rejected,pending,,,
Panama,MEJIA Luis,1991-03-16,Club Nacional (URU),,,name_date_of_birth,pending,,,
Panama,BARCENAS Edgar Yoel,1993-10-23,Mazatlán FC (MEX),,,name_date_of_birth,pending,,,
Panama,SAMUDIO Cesar,1994-02-23,CD Marathón (HON),,,name_date_of_birth,pending,,,
Panama,FAJARDO Jose,1993-08-18,CD Universidad Católica (ECU),,,name_date_of_birth,pending,,,
Panama,WATERMAN Cecilio,1991-04-13,CD Universidad De Concepción (CHI),,,name_date_of_birth,pending,,,
